[{
  "id": 63,
  "name": "测试",
  "telPhone": "13750015150",
  "ageGroups": "29-34岁",
  "education": "专科",
  "major": null,
  "nvq": null,
  "yearsSocial": null,
  "ruhuReason": "其他",
  "livePermitYears": null,
  "marriage": null,
  "birthControl": null,
  "hasHours": null,
  "linkmanId": null,
  "createUser": null,
  "status": 1,
  "remark": null,
  "sourceLink": "http://www.ruhubao.net/tuiguangye/ruhu/ruhu1.html",
  "areaId": null,
  "haveLaborContract": null,
  "company": null,
  "companyTrader": null,
  "post": null,
  "moveAddress": null,
  "createTime": "2019-06-19 10:24:06",
  "updateTime": "2019-06-19 10:24:06"
}]
