<?xml version="1.0" encoding="UTF-8" ?>
<!DOCTYPE mapper PUBLIC "-//mybatis.org//DTD Mapper 3.0//EN" "http://mybatis.org/dtd/mybatis-3-mapper.dtd" >
<mapper namespace="cn.bolinjiaoyu.manage.mapper.base.DictionaryMapper" >
  <resultMap id="BaseResultMap" type="cn.bolinjiaoyu.manage.pojo.base.Dictionary" >
    <id column="id" property="id" jdbcType="BIGINT" />
    <result column="parentId" property="parentid" jdbcType="BIGINT" />
    <result column="name" property="name" jdbcType="VARCHAR" />
    <result column="seq" property="seq" jdbcType="INTEGER" />
    <result column="hasChild" property="haschild" jdbcType="INTEGER" />
    <result column="property" property="property" jdbcType="VARCHAR" />
  </resultMap>
  <sql id="Example_Where_Clause" >
    <where >
      <foreach collection="oredCriteria" item="criteria" separator="or" >
        <if test="criteria.valid" >
          <trim prefix="(" suffix=")" prefixOverrides="and" >
            <foreach collection="criteria.criteria" item="criterion" >
              <choose >
                <when test="criterion.noValue" >
                  and ${criterion.condition}
                </when>
                <when test="criterion.singleValue" >
                  and ${criterion.condition} #{criterion.value}
                </when>
                <when test="criterion.betweenValue" >
                  and ${criterion.condition} #{criterion.value} and #{criterion.secondValue}
                </when>
                <when test="criterion.listValue" >
                  and ${criterion.condition}
                  <foreach collection="criterion.value" item="listItem" open="(" close=")" separator="," >
                    #{listItem}
                  </foreach>
                </when>
              </choose>
            </foreach>
          </trim>
        </if>
      </foreach>
    </where>
  </sql>
  <sql id="Update_By_Example_Where_Clause" >
    <where >
      <foreach collection="example.oredCriteria" item="criteria" separator="or" >
        <if test="criteria.valid" >
          <trim prefix="(" suffix=")" prefixOverrides="and" >
            <foreach collection="criteria.criteria" item="criterion" >
              <choose >
                <when test="criterion.noValue" >
                  and ${criterion.condition}
                </when>
                <when test="criterion.singleValue" >
                  and ${criterion.condition} #{criterion.value}
                </when>
                <when test="criterion.betweenValue" >
                  and ${criterion.condition} #{criterion.value} and #{criterion.secondValue}
                </when>
                <when test="criterion.listValue" >
                  and ${criterion.condition}
                  <foreach collection="criterion.value" item="listItem" open="(" close=")" separator="," >
                    #{listItem}
                  </foreach>
                </when>
              </choose>
            </foreach>
          </trim>
        </if>
      </foreach>
    </where>
  </sql>
  <sql id="Base_Column_List" >
    id, parentId, name, seq, hasChild, property
  </sql>
  <select id="selectByExample" resultMap="BaseResultMap" parameterType="cn.bolinjiaoyu.manage.pojo.base.DictionaryExample" >
    select
    <if test="distinct" >
      distinct
    </if>
    <include refid="Base_Column_List" />
    from tb_dictionary
    <if test="_parameter != null" >
      <include refid="Example_Where_Clause" />
    </if>
    <if test="orderByClause != null" >
      order by ${orderByClause}
    </if>
  </select>
  <select id="selectByPrimaryKey" resultMap="BaseResultMap" parameterType="java.lang.Long" >
    select 
    <include refid="Base_Column_List" />
    from tb_dictionary
    where id = #{id,jdbcType=BIGINT}
  </select>
  <delete id="deleteByPrimaryKey" parameterType="java.lang.Long" >
    delete from tb_dictionary
    where id = #{id,jdbcType=BIGINT}
  </delete>
  <delete id="deleteByExample" parameterType="cn.bolinjiaoyu.manage.pojo.base.DictionaryExample" >
    delete from tb_dictionary
    <if test="_parameter != null" >
      <include refid="Example_Where_Clause" />
    </if>
  </delete>
  <insert id="insert" parameterType="cn.bolinjiaoyu.manage.pojo.base.Dictionary" >
    insert into tb_dictionary (id, parentId, name, 
      seq, hasChild, property
      )
    values (#{id,jdbcType=BIGINT}, #{parentid,jdbcType=BIGINT}, #{name,jdbcType=VARCHAR}, 
      #{seq,jdbcType=INTEGER}, #{haschild,jdbcType=INTEGER}, #{property,jdbcType=VARCHAR}
      )
  </insert>
  <insert id="insertSelective" parameterType="cn.bolinjiaoyu.manage.pojo.base.Dictionary" >
    insert into tb_dictionary
    <trim prefix="(" suffix=")" suffixOverrides="," >
      <if test="id != null" >
        id,
      </if>
      <if test="parentid != null" >
        parentId,
      </if>
      <if test="name != null" >
        name,
      </if>
      <if test="seq != null" >
        seq,
      </if>
      <if test="haschild != null" >
        hasChild,
      </if>
      <if test="property != null" >
        property,
      </if>
    </trim>
    <trim prefix="values (" suffix=")" suffixOverrides="," >
      <if test="id != null" >
        #{id,jdbcType=BIGINT},
      </if>
      <if test="parentid != null" >
        #{parentid,jdbcType=BIGINT},
      </if>
      <if test="name != null" >
        #{name,jdbcType=VARCHAR},
      </if>
      <if test="seq != null" >
        #{seq,jdbcType=INTEGER},
      </if>
      <if test="haschild != null" >
        #{haschild,jdbcType=INTEGER},
      </if>
      <if test="property != null" >
        #{property,jdbcType=VARCHAR},
      </if>
    </trim>
  </insert>
  <select id="countByExample" parameterType="cn.bolinjiaoyu.manage.pojo.base.DictionaryExample" resultType="java.lang.Integer" >
    select count(*) from tb_dictionary
    <if test="_parameter != null" >
      <include refid="Example_Where_Clause" />
    </if>
  </select>
  <update id="updateByExampleSelective" parameterType="map" >
    update tb_dictionary
    <set >
      <if test="record.id != null" >
        id = #{record.id,jdbcType=BIGINT},
      </if>
      <if test="record.parentid != null" >
        parentId = #{record.parentid,jdbcType=BIGINT},
      </if>
      <if test="record.name != null" >
        name = #{record.name,jdbcType=VARCHAR},
      </if>
      <if test="record.seq != null" >
        seq = #{record.seq,jdbcType=INTEGER},
      </if>
      <if test="record.haschild != null" >
        hasChild = #{record.haschild,jdbcType=INTEGER},
      </if>
      <if test="record.property != null" >
        property = #{record.property,jdbcType=VARCHAR},
      </if>
    </set>
    <if test="_parameter != null" >
      <include refid="Update_By_Example_Where_Clause" />
    </if>
  </update>
  <update id="updateByExample" parameterType="map" >
    update tb_dictionary
    set id = #{record.id,jdbcType=BIGINT},
      parentId = #{record.parentid,jdbcType=BIGINT},
      name = #{record.name,jdbcType=VARCHAR},
      seq = #{record.seq,jdbcType=INTEGER},
      hasChild = #{record.haschild,jdbcType=INTEGER},
      property = #{record.property,jdbcType=VARCHAR}
    <if test="_parameter != null" >
      <include refid="Update_By_Example_Where_Clause" />
    </if>
  </update>
  <update id="updateByPrimaryKeySelective" parameterType="cn.bolinjiaoyu.manage.pojo.base.Dictionary" >
    update tb_dictionary
    <set >
      <if test="parentid != null" >
        parentId = #{parentid,jdbcType=BIGINT},
      </if>
      <if test="name != null" >
        name = #{name,jdbcType=VARCHAR},
      </if>
      <if test="seq != null" >
        seq = #{seq,jdbcType=INTEGER},
      </if>
      <if test="haschild != null" >
        hasChild = #{haschild,jdbcType=INTEGER},
      </if>
      <if test="property != null" >
        property = #{property,jdbcType=VARCHAR},
      </if>
    </set>
    where id = #{id,jdbcType=BIGINT}
  </update>
  <update id="updateByPrimaryKey" parameterType="cn.bolinjiaoyu.manage.pojo.base.Dictionary" >
    update tb_dictionary
    set parentId = #{parentid,jdbcType=BIGINT},
      name = #{name,jdbcType=VARCHAR},
      seq = #{seq,jdbcType=INTEGER},
      hasChild = #{haschild,jdbcType=INTEGER},
      property = #{property,jdbcType=VARCHAR}
    where id = #{id,jdbcType=BIGINT}
  </update>
</mapper>